"Time (s)","Sound pressure level (dB)"
0.000000000E0,NaN
2.341930415E-1,NaN
3.391210833E-1,-8.040189572E1
4.440474999E-1,-7.234539742E1
5.483878329E-1,-7.425656237E1
6.521184999E-1,-7.603928884E1
7.548821666E-1,-6.492497070E1
8.615582497E-1,-6.420665950E1
9.662043331E-1,-6.898876166E1
1.071501667E0,-6.905668628E1
1.176522208E0,-6.672140888E1
1.283496125E0,-6.375156188E1
1.390186500E0,-5.298295494E1
1.496020333E0,-5.982711596E1
1.600564583E0,-6.405089675E1
1.707309292E0,-6.673747137E1
1.809906250E0,-5.453136664E1
1.915388917E0,-5.391623342E1
2.019988792E0,-6.526451044E1
2.123038708E0,NaN
2.224003625E0,-7.058533611E1
2.330697416E0,-7.101692138E1
2.434498458E0,-4.648712446E1
2.539097792E0,-5.699455185E1
2.644157750E0,-4.356808996E1
2.749379791E0,-6.355016661E1
2.851434333E0,-7.253123780E1
2.956876833E0,-7.398585196E1
3.061520167E0,-7.438904020E1
3.166459750E0,-7.075043092E1
3.271512833E0,-6.763607280E1
3.376522500E0,-5.813456805E1
3.483285625E0,-5.301051026E1
3.585536916E0,-5.879437992E1
3.692231583E0,-5.946723736E1
3.798987417E0,-5.929956885E1
3.902721750E0,-5.352371791E1
4.009437208E0,-5.306285679E1
4.116134708E0,-5.644528329E1
4.219661125E0,-5.571101898E1
4.323700916E0,-5.709557976E1
4.430549541E0,-5.847376740E1
4.536861625E0,-5.749119217E1
4.639226750E0,-5.779002775E1
4.744155041E0,-5.511702149E1
4.848477125E0,-4.984007240E1
4.954091792E0,-5.255324057E1
5.060904000E0,-5.541403681E1
5.167617333E0,-6.165028233E1
5.271198250E0,-6.040792987E1
5.376557833E0,-5.870692956E1
5.483206042E0,-6.193592363E1
5.588215833E0,-6.657243635E1
5.695014333E0,-7.355977452E1
5.801778208E0,-7.426512022E1
5.905123458E0,-7.635534275E1
6.009855083E0,-7.413736711E1
6.112350208E0,NaN
6.218237916E0,-7.181205617E1
6.323658166E0,-7.158403904E1
6.430273917E0,-7.357627274E1
6.536878875E0,-7.535995669E1
6.639021792E0,-7.649471107E1
6.744143708E0,-7.070637569E1
6.848369458E0,-6.765843703E1
6.953910000E0,-6.878671902E1
7.056037541E0,-6.627841742E1
7.161425166E0,-6.790247071E1
7.268125417E0,-7.398363624E1
7.371039375E0,-7.074041154E1
7.476554625E0,-6.612175168E1
7.583307083E0,-5.412715904E1
7.687922916E0,-6.568359112E1
7.790098083E0,-7.182827103E1
7.896807083E0,-7.382281121E1
8.003606792E0,-7.348251189E1
8.109859542E0,-6.971411788E1
8.216699875E0,-4.522591469E1
8.321771208E0,-4.145259571E1
8.423649000E0,-4.152816988E1
8.529274125E0,-5.178633046E1
8.635905916E0,-5.940997505E1
8.739809417E0,-5.662352262E1
8.844145375E0,-4.935479142E1
8.948373333E0,-6.061510956E1
9.055149625E0,-6.545591732E1
9.161340208E0,-7.379095872E1
9.267965708E0,-7.354893060E1
9.372833041E0,-6.968031901E1
9.476513625E0,-6.064705674E1
9.583256667E0,-6.986525630E1
9.689828292E0,-7.411946737E1
9.791936375E0,-5.269885233E1
9.898634291E0,-4.747439811E1
1.000540321E1,-5.811366228E1
1.010902842E1,-5.382527541E1
1.021574787E1,-6.943511834E1
1.032244825E1,-5.158316705E1
1.042604896E1,-5.229363535E1
1.052831342E1,-6.136694520E1
1.063501983E1,-5.882402413E1
1.074094004E1,-5.280276808E1
1.084412312E1,-5.515257899E1
1.094838887E1,-4.523928723E1
1.105504654E1,-4.216305709E1
1.116140679E1,-4.640000794E1
1.126810258E1,-5.744321381E1
1.137149354E1,-5.406671072E1
1.147650671E1,-5.230554142E1
1.157976746E1,-5.751498890E1
1.168653771E1,-5.524907737E1
1.179203638E1,-6.687442213E1
1.189680312E1,-5.315252353E1
1.200350725E1,-6.027276961E1
1.210899946E1,-7.168329784E1
1.221566267E1,-7.480027706E1
1.231777171E1,NaN
1.242363471E1,-7.337723277E1
1.252828137E1,-7.383687209E1
1.263412579E1,-7.310201378E1
1.273922083E1,-7.314110643E1
1.284414417E1,-6.436993487E1
1.294839921E1,-5.792257088E1
1.305157321E1,-4.820431553E1
1.315820471E1,-5.276926012E1
1.326176271E1,-6.044365938E1
1.336569633E1,-4.742984061E1
1.347154479E1,-5.905117824E1
1.357739771E1,-5.036054414E1
1.367948000E1,-5.516193797E1
1.378620508E1,-6.088316127E1
1.389289850E1,-6.119701915E1
1.399643196E1,-6.689376668E1
1.410320683E1,-5.210667087E1
1.420986687E1,-5.440262805E1
1.431343729E1,-5.236272010E1
1.442019671E1,-4.866290778E1
1.452365075E1,-4.650330096E1
1.462860525E1,-4.715772851E1
1.473055179E1,-5.831841491E1
1.483728692E1,-5.014181058E1
1.493921929E1,-5.110967185E1
1.504555471E1,-4.850281384E1
1.514836150E1,-5.351537430E1
1.525499221E1,-6.417048542E1
1.536142654E1,-5.775706249E1
1.546470637E1,-4.699467157E1
1.557148200E1,-5.259504998E1
1.567651046E1,-3.968466627E1
1.578160304E1,-4.989152251E1
1.588839750E1,-5.504012331E1
1.599516779E1,-5.268730981E1
1.610193129E1,-5.185703770E1
1.620871687E1,-5.122844397E1
1.631346825E1,-5.252845502E1
1.641549204E1,NaN
1.652143196E1,-5.836060987E1
1.662367604E1,-5.468720595E1
1.673042375E1,-5.459487668E1
1.683270775E1,-5.186895882E1
1.693925529E1,-4.083186843E1
1.704417596E1,-5.245262443E1
1.714834496E1,-4.672858980E1
1.725506296E1,-6.227481533E1
1.736141171E1,-4.153712576E1
1.746456658E1,-5.392753259E1
1.756687271E1,-5.803670423E1
1.767152204E1,-5.987009046E1
1.777652208E1,-6.263011922E1
1.788193879E1,-5.526718592E1
1.798395412E1,-4.754636996E1
1.808871763E1,-4.464340070E1
1.819547862E1,-5.019980190E1
1.829884004E1,-4.807006071E1
1.840556529E1,-4.050783105E1
1.850983046E1,-5.263043808E1
1.861561471E1,-5.255646683E1
1.871780062E1,NaN
1.882366621E1,-4.386751393E1
1.893025750E1,-6.050255932E1
1.903285871E1,-5.900879720E1
1.913923779E1,-4.952788700E1
1.924414346E1,-5.624195497E1
1.934973333E1,-5.039115633E1
1.945181583E1,-5.297710947E1
1.955531525E1,-6.690883819E1
1.966141092E1,-6.062611246E1
1.976673375E1,-5.568994054E1
1.987150804E1,-4.546910739E1
1.997657229E1,-3.687503175E1
2.008332958E1,-3.891347366E1
2.018570942E1,-5.036223300E1
2.029241429E1,-5.211670330E1
2.039684867E1,-5.237246615E1
2.050063421E1,-6.005007761E1
2.060271375E1,-5.028096407E1
2.070951471E1,-5.764705980E1
2.081623308E1,-5.555784591E1
2.091959600E1,-5.805603249E1
2.102363321E1,-3.714162464E1
2.113029242E1,-3.568775970E1
2.123654683E1,-5.472668802E1
2.133926471E1,-5.872592718E1
2.144417079E1,-6.758724744E1
2.154837496E1,-4.630097278E1
2.165150383E1,-5.586943694E1
2.175370454E1,-5.053225989E1
2.185621996E1,-5.706457668E1
2.196139575E1,-4.454023246E1
2.206833792E1,-4.054165510E1
2.217060479E1,-3.650120603E1
2.227666879E1,-4.282572359E1
2.238335400E1,-4.881900177E1
2.248730408E1,-6.843364479E1
2.259078442E1,-4.445188413E1
2.269759296E1,-5.027029299E1
2.280214308E1,-4.994877374E1
2.290402608E1,-5.033673452E1
2.300985500E1,-5.051432143E1
2.311640737E1,-4.669175947E1
2.322078658E1,NaN
2.332367262E1,-3.768013408E1
2.343034167E1,-4.214537091E1
2.353580446E1,-4.301691390E1
2.363923587E1,-5.751338185E1
2.374416137E1,-6.011864819E1
2.384846075E1,-5.008125780E1
2.395265683E1,-4.272267818E1
2.405471817E1,-4.850074110E1
2.416140842E1,-4.986051560E1
2.426800038E1,-5.194509927E1
2.437145879E1,-5.831127861E1
2.447656833E1,-4.939593465E1
2.458326700E1,-4.076383292E1
2.468855387E1,-4.357540664E1
2.479521671E1,-5.311503618E1
2.490188029E1,-5.222380581E1
2.500534562E1,-5.906057678E1
2.510985937E1,-6.031002575E1
2.521596875E1,-4.611207560E1
2.532021792E1,-4.955305945E1
2.542517667E1,-5.142233375E1
2.553179492E1,-6.180662421E1
2.563723483E1,-5.839172521E1
2.573924642E1,-5.419155985E1
2.584415687E1,-5.877365764E1
2.594839746E1,-5.473609565E1
2.605414704E1,-3.984432258E1
2.616087287E1,-4.097674115E1
2.626751225E1,-4.265928756E1
2.637117075E1,-4.484622130E1
2.647656092E1,-4.602239419E1
2.658324663E1,-4.619823903E1
2.668803521E1,-4.859740042E1
2.679028342E1,-5.967159526E1
2.689705746E1,-3.753588584E1
2.700383729E1,-4.760919627E1
2.710984296E1,-4.331500774E1
2.721653367E1,-5.173972411E1
2.732200821E1,-4.651835363E1
2.742400467E1,-4.062880816E1
2.753079412E1,-4.699083762E1
2.763406029E1,-5.804842899E1
2.773902896E1,-4.465844448E1
2.784408179E1,-4.865895518E1
2.794837825E1,-4.694134538E1
2.805158083E1,-5.180638457E1
2.815617796E1,-4.215991373E1
2.826148275E1,-4.013921687E1
2.836820104E1,-3.916438930E1
2.847304579E1,-4.841991238E1
2.857624621E1,-5.026237718E1
2.868294512E1,-5.242878553E1
2.878963821E1,-4.905637862E1
2.889198229E1,-4.272226851E1
2.899878096E1,-5.113961939E1
2.910539700E1,-5.118513289E1
2.920895896E1,-4.783309888E1
2.931186887E1,-4.325194989E1
2.941852587E1,-4.866000285E1
2.952402612E1,-4.247461274E1
2.963073158E1,-4.451812263E1
2.973741775E1,-4.329460365E1
2.984417833E1,-4.094926431E1
2.994836229E1,-4.590347294E1
3.005510267E1,-4.518379622E1
3.016144292E1,-4.501708657E1
3.026801475E1,-5.678409831E1
3.037410342E1,-4.775339347E1
3.047652554E1,-4.788190666E1
3.058324367E1,-5.632405028E1
3.068821425E1,-5.624248712E1
3.079325096E1,-5.088771865E1
3.090005387E1,-4.448510072E1
3.100693775E1,-4.673759326E1
3.110986700E1,-4.175493990E1
3.121661042E1,-4.133059641E1
3.132032287E1,-4.618837185E1
3.142704275E1,-4.636108079E1
3.153371954E1,-5.267886514E1
3.163923929E1,-4.941936291E1
3.174393442E1,-4.609804535E1
3.184839208E1,-6.089364019E1
3.195509725E1,-4.791100730E1
3.206096471E1,-4.704115774E1
3.216769358E1,-5.746711867E1
3.227152754E1,-3.993197581E1
3.237651042E1,-5.443347547E1
3.248327742E1,-4.119602686E1
3.258684121E1,-4.437409889E1
3.269265121E1,-5.267483521E1
3.279481179E1,-4.603234621E1
3.289683417E1,-3.849001831E1
3.300361254E1,-4.874960783E1
3.310970262E1,-5.333453830E1
3.321182821E1,-6.377178121E1
3.331850196E1,-5.959686285E1
3.342294112E1,-5.795552261E1
3.352882004E1,-5.997737310E1
3.363214104E1,-6.202285891E1
3.373881096E1,-6.109752829E1
3.384369442E1,-3.959057685E1
3.394838437E1,-3.170905695E1
3.405510154E1,-3.855766252E1
3.416061737E1,-3.999926343E1
3.426738058E1,-4.929958867E1
3.437148062E1,-4.461269279E1
3.447749158E1,-3.252416668E1
3.457968308E1,-3.717170710E1
3.468642942E1,-4.223746267E1
3.479316946E1,-4.808188063E1
3.489652567E1,-5.633222550E1
3.500323921E1,-3.891649308E1
3.510985129E1,-6.157588684E1
3.521346592E1,-6.391291494E1
3.531734042E1,NaN
3.542321396E1,-5.375861824E1
3.552833271E1,-5.663233236E1
3.563039754E1,-6.600926582E1
3.573709537E1,-4.626222111E1
3.583921208E1,-4.223710248E1
3.594529862E1,-4.646930705E1
3.604841917E1,-5.298165523E1
3.615507283E1,-3.550402709E1
3.626142433E1,-3.745893942E1
3.636433354E1,-5.000131637E1
3.647106433E1,-4.443132595E1
3.657612592E1,-4.126712138E1
3.668126371E1,-4.025538010E1
3.678801833E1,-4.137649494E1
3.689476425E1,-4.344564268E1
3.699822621E1,-5.176171180E1
3.710489517E1,-4.608227833E1
3.720988667E1,-4.109899271E1
3.731317704E1,-5.518759284E1
3.741781117E1,-3.848748526E1
3.752364000E1,-5.445091765E1
3.762990512E1,-5.614828123E1
3.773665837E1,-3.996352075E1
3.783923817E1,-4.347731471E1
3.794417083E1,-5.063528652E1
3.804818054E1,-3.038381781E1
3.815488079E1,-2.947227201E1
3.826146425E1,-3.759977445E1
3.836614921E1,-4.412667862E1
3.847157833E1,-4.072787914E1
3.857649562E1,-5.244280119E1
3.868297050E1,-5.986279524E1
3.878961796E1,-3.901452024E1
3.889346596E1,-4.677443472E1
3.900000125E1,-4.739079963E1
3.910666104E1,-4.768579295E1
3.920988217E1,-3.327742355E1
3.931491887E1,-3.193187983E1
3.941709533E1,-4.987219030E1
3.952371529E1,-6.112340448E1
3.962669042E1,-3.672447757E1
3.973206221E1,-3.525171153E1
3.983412779E1,-4.782774641E1
3.993932129E1,-5.228322768E1
4.004416037E1,-5.646139936E1
4.014902967E1,-6.897646350E1
4.025119629E1,-6.766656990E1
4.035787696E1,-5.777653441E1
4.046138583E1,-5.588767363E1
4.056601192E1,-5.750586110E1
4.067152129E1,-6.606512677E1
4.077652712E1,-4.352739446E1
4.088297117E1,-4.202182946E1
4.098495942E1,-4.410082821E1
4.109104675E1,-4.650434021E1
4.119766075E1,-4.554309211E1
4.130001379E1,-4.339277588E1
4.140218304E1,-6.016714308E1
4.150897950E1,-3.935295014E1
4.161162812E1,-4.350160610E1
4.171685883E1,NaN
4.181907754E1,-5.432367991E1
4.192363846E1,-5.256772895E1
4.203031075E1,-4.747653314E1
4.213399129E1,-3.806698278E1
4.223926179E1,-4.651448241E1
4.234414642E1,-3.564947481E1
4.245088667E1,-4.101324552E1
4.255759796E1,-4.679851228E1
4.266143492E1,-4.110794481E1
4.276777012E1,-3.869276015E1
4.287153429E1,-5.016609855E1
4.297608350E1,-3.354948440E1
4.308279575E1,-3.919807333E1
4.318495267E1,-4.317976083E1
4.328705971E1,-4.761084906E1
4.339391246E1,-4.806132528E1
4.350069017E1,-4.025456759E1
4.360381742E1,-3.695143708E1
4.370957204E1,-4.001421961E1
4.381548825E1,-4.785327283E1
4.392095775E1,-4.631808612E1
4.402368317E1,-3.129872812E1
4.412810754E1,-4.100259396E1
4.423479292E1,-4.907049402E1
4.433918671E1,-4.609238881E1
4.444420550E1,-5.625867785E1
4.454837921E1,-4.833014003E1
4.465469788E1,-4.658785834E1
4.476142592E1,-4.971211124E1
4.486809688E1,-3.115201904E1
4.497152737E1,-2.960435724E1
4.507651054E1,-3.447150291E1
4.518319483E1,-5.644148514E1
4.528643371E1,-6.708854504E1
4.538846262E1,-6.557414509E1
4.549520808E1,-6.567071991E1
4.560004967E1,-6.811292536E1
4.570333367E1,-6.751882701E1
4.580985363E1,-6.315839313E1
4.591657229E1,-6.089903503E1
4.602005283E1,-5.954443756E1
4.612363500E1,-6.399287219E1
4.623034221E1,-5.711937422E1
4.633653154E1,-3.784974658E1
4.643928954E1,-3.494803250E1
4.654418783E1,-3.368591233E1
4.664831033E1,-4.673085432E1
4.675416404E1,-5.173918153E1
4.685626004E1,-4.355385586E1
4.696140237E1,-5.211504680E1
4.706801742E1,-4.289644367E1
4.717314279E1,-4.613051821E1
4.727657204E1,-4.865869673E1
4.738326300E1,-3.982248486E1
4.748800971E1,-4.104230386E1
4.759014817E1,-4.286047333E1
4.769686625E1,-3.670766746E1
4.780363533E1,-5.453761981E1
4.790986792E1,-5.918205472E1
4.801657633E1,-6.716611165E1
4.812197112E1,-4.105310160E1
4.822400650E1,-4.040657682E1
4.833060412E1,-5.094026737E1
4.843722083E1,-4.247704879E1
4.854309179E1,-5.140104616E1
4.864835346E1,-4.355507611E1
4.875500458E1,-5.124986348E1
4.886142246E1,-4.316974496E1
4.896802712E1,-4.745079791E1
4.907249321E1,-4.296510983E1
4.917651154E1,-3.296473234E1
4.928326204E1,-2.803383833E1
4.938937796E1,-3.494122492E1
4.949139883E1,-5.471460858E1
4.959811696E1,-4.189939559E1
4.970150062E1,-4.059086357E1
4.980630875E1,-4.405904028E1
4.990982142E1,-4.708456892E1
5.001645650E1,-4.615973929E1
5.012311654E1,-3.964028894E1
5.022925433E1,-3.574841907E1
5.033597800E1,-5.098481760E1
5.044027042E1,-4.458838753E1
5.054413733E1,-4.631150155E1
5.064836900E1,-5.465029101E1
5.075500312E1,-6.458930303E1
5.086150179E1,-6.941181801E1
5.096812208E1,-6.895432435E1
5.107410583E1,-6.649053160E1
5.117636387E1,-6.433988054E1
5.128306350E1,-6.337485028E1
5.138970792E1,-6.871142916E1
5.149315083E1,-6.154303993E1
5.159987204E1,-6.220163252E1
5.170658792E1,-6.633050662E1
5.180984025E1,-6.280843176E1
5.191648196E1,-6.356084307E1
5.201991454E1,NaN
5.212498933E1,-6.319755932E1
5.222698533E1,-6.228429439E1
5.233367196E1,-6.040171172E1
5.243923683E1,-6.612958005E1
5.254384867E1,-6.512390067E1
5.264838350E1,-5.827139722E1
5.305143367E1,-7.261102790E1
5.315592787E1,-6.774580532E1
5.326284796E1,-6.580851147E1
5.336528571E1,-6.141426573E1
5.347111283E1,-5.889280180E1
5.357754221E1,-6.365320671E1
5.400025929E1,-5.449621559E1
5.410254892E1,-4.055034277E1
5.420677879E1,-3.905092343E1
5.431088121E1,-5.210514376E1
5.441770758E1,-4.216598276E1
5.452291862E1,-4.927225733E1
5.462714446E1,-4.578834035E1
5.473109779E1,-4.131652478E1
5.483698671E1,-4.319473035E1
5.494021292E1,-6.209300255E1
5.504694679E1,-5.313359666E1
5.515221121E1,-5.173100271E1
5.525529371E1,-4.839492868E1
5.536213079E1,-4.446295061E1
5.546888087E1,-4.285358565E1
5.557123508E1,-4.317364010E1
5.567797029E1,-4.438851929E1
5.578471354E1,-4.489007076E1
5.588822579E1,-5.346615795E1
5.599495729E1,-5.181027662E1
5.610167229E1,-5.800170187E1
5.620509604E1,-5.166309106E1
5.631170004E1,-4.104136992E1
5.641796854E1,-3.968352914E1
5.652286375E1,-3.752932516E1
5.662708937E1,-3.569222233E1
5.673376571E1,-3.601168825E1
5.684011196E1,-3.550206880E1
5.694657525E1,-3.775415764E1
5.705020129E1,-4.196749876E1
5.715521925E1,-4.220887816E1
5.725846412E1,-4.297192199E1
5.736544517E1,-4.362082741E1
5.747106183E1,-6.068775034E1
5.757289492E1,-6.005074165E1
5.767883146E1,-6.326667310E1
5.778554350E1,-3.658184823E1
5.789017017E1,-5.323256758E1
5.799698992E1,-4.200368489E1
5.810242487E1,-3.842177702E1
5.820732587E1,-3.254215646E1
5.831182508E1,-4.431562990E1
5.841798112E1,-4.278072806E1
5.852244121E1,-4.707497045E1
5.862718225E1,-4.453900428E1
5.873396412E1,-4.416534688E1
5.883942571E1,-4.970285624E1
5.894607271E1,-3.756301378E1
5.905025533E1,-2.945989144E1
5.915648371E1,-3.334830343E1
5.926334042E1,-4.166377513E1
5.937009629E1,-4.578538124E1
5.947346742E1,-5.020719923E1
5.957545833E1,-3.642580687E1
5.968160429E1,-3.595152596E1
5.978384154E1,NaN
5.988856571E1,-4.056270457E1
5.999235196E1,-4.290536992E1
6.009676929E1,-5.105172658E1
6.020235337E1,-3.774611647E1
6.030735646E1,-4.764943052E1
6.040932717E1,-5.242214025E1
6.051605833E1,-3.669598907E1
6.061793204E1,-4.079993465E1
6.072432887E1,-4.757499698E1
6.082707892E1,-4.338840966E1
6.093372329E1,-2.962986663E1
6.104013804E1,-3.057584768E1
6.114336592E1,-4.307696710E1
6.125024279E1,-5.681923943E1
6.135518637E1,-6.533944882E1
6.145819704E1,-4.893689281E1
6.156032217E1,-3.915884260E1
6.166706925E1,-4.686953100E1
6.177378346E1,-5.009109228E1
6.187707317E1,-5.008243064E1
6.198371850E1,-5.896094216E1
6.208784642E1,NaN
6.219206012E1,-4.459101626E1
6.229405346E1,-4.746807280E1
6.240078162E1,-5.223292846E1
6.250269983E1,-3.685382397E1
6.260895908E1,-5.570882578E1
6.271102271E1,-4.168735887E1
6.281774100E1,-4.575743617E1
6.292286746E1,-3.727193011E1
6.302705058E1,-4.864586898E1
6.313366121E1,-5.972724248E1
6.324015142E1,-6.286013539E1
6.334268204E1,-6.554270908E1
6.344492987E1,-6.275254208E1
6.355029183E1,-6.595647634E1
6.365522983E1,-4.426552918E1
6.375973525E1,-3.566855797E1
6.386194983E1,-4.087158506E1
6.396861233E1,-3.771365363E1
6.407536542E1,-3.354358512E1
6.417883267E1,-3.983330019E1
6.428500975E1,NaN
6.438856021E1,-4.244247442E1
6.449375350E1,-3.783527375E1
6.459576412E1,-4.013615072E1
6.470234171E1,-4.115446730E1
6.480900587E1,-4.338550542E1
6.491270446E1,-4.524681142E1
6.501792100E1,-4.056763563E1
6.512285242E1,-4.275080646E1
6.522759333E1,-4.414663825E1
6.532956971E1,-4.441072329E1
6.543620162E1,-4.761699739E1
6.554018325E1,-5.522001077E1
6.564645896E1,-4.547090503E1
6.575029100E1,-4.038654354E1
6.585521396E1,-4.306591610E1
6.596131537E1,-5.185375797E1
6.606351837E1,-4.277707333E1
6.617029087E1,-3.932965403E1
6.627710125E1,-4.193388188E1
6.638376637E1,-5.666017575E1
6.648855562E1,-6.215178886E1
6.659530292E1,-4.709372488E1
6.669730112E1,-3.706780914E1
6.680244733E1,-4.427346941E1
6.690916167E1,-5.164027530E1
6.701428008E1,-3.452702321E1
6.711737046E1,-4.324614636E1
6.722285050E1,-4.641798304E1
6.732909217E1,-3.771507338E1
6.743123375E1,-4.383055813E1
6.753548167E1,-4.477292731E1
6.764012583E1,-4.368187296E1
6.774621587E1,-4.140042100E1
6.785024421E1,-4.314526138E1
6.795518596E1,-4.146232849E1
6.806180162E1,-4.148825019E1
6.816516900E1,-4.107514298E1
6.827037667E1,-4.125899264E1
6.837707912E1,-2.966413526E1
6.848209012E1,-3.062165730E1
6.858860104E1,-3.862063240E1
6.869524925E1,-5.043355734E1
6.879889671E1,-4.193499216E1
6.890237917E1,-4.428945646E1
6.900902287E1,-5.445713500E1
6.911374904E1,-5.783680069E1
6.921794471E1,-3.337935501E1
6.932285942E1,-3.633428248E1
6.942705725E1,-5.444215823E1
6.953063067E1,-6.661222362E1
6.963279287E1,-4.681262280E1
6.973953462E1,-4.239518935E1
6.984620350E1,-3.582191917E1
6.995020075E1,-3.871967438E1
7.005527542E1,-5.363487206E1
7.016193358E1,-5.965756544E1
7.026647067E1,-7.007211364E1
7.037153342E1,-7.130051979E1
7.047823508E1,-6.102626340E1
7.058107367E1,-5.672489335E1
7.068685267E1,-6.416577977E1
7.078847867E1,NaN
7.088978183E1,-4.712151319E1
7.099636883E1,-5.692127906E1
7.110229383E1,-4.635256745E1
7.120830079E1,-3.814470046E1
7.131002217E1,-3.401209428E1
7.141528608E1,-3.363031558E1
7.152000667E1,-4.343045242E1
7.162286762E1,-3.690511814E1
7.172712900E1,-3.770005678E1
7.183226729E1,-4.204178427E1
7.193436842E1,-3.939749383E1
7.204013054E1,-4.152260565E1
7.214649529E1,-4.561539777E1
7.225020392E1,-3.635397112E1
7.235521271E1,-3.957764849E1
7.246191867E1,-5.372663581E1
7.256593950E1,-4.516054993E1
7.266804504E1,-3.875670160E1
7.277498658E1,-3.739754474E1
7.288188196E1,-4.173652248E1
7.298867317E1,-4.511183329E1
7.309055933E1,-4.753957207E1
7.319496283E1,-4.216643264E1
7.329969654E1,-4.498565580E1
7.340181433E1,-5.283625149E1
7.350846854E1,-6.145319553E1
7.361521146E1,-7.257376835E1
7.371795033E1,-7.208825910E1
7.382283617E1,-6.739070218E1
7.392713825E1,-5.846537149E1
7.403348125E1,-7.111015391E1
7.414017037E1,-6.318616156E1
7.424690054E1,-6.534769642E1
7.435231658E1,-6.637967671E1
7.445520854E1,-6.619611568E1
7.456191367E1,-6.351891615E1
7.466702996E1,-6.804786126E1
7.477382346E1,-7.017938898E1
7.488054017E1,-7.090835737E1
7.498607771E1,-6.628291123E1
7.508855392E1,-7.084842051E1
7.519388367E1,-6.807668627E1
7.529890887E1,-6.683504481E1
7.540161371E1,-6.416074065E1
7.550823492E1,-4.222912909E1
7.561304258E1,-4.332505467E1
7.571767962E1,-4.167718208E1
7.582290696E1,-5.726677581E1
7.592706258E1,-6.521075162E1
7.603376987E1,-6.825735970E1
7.614003987E1,-7.072592505E1
7.624645142E1,-7.146220607E1
7.635163137E1,-7.002713265E1
7.645520371E1,-6.443769999E1
7.656192575E1,-6.136050957E1
7.666868862E1,-6.170563268E1
7.677079396E1,-6.292433666E1
7.687754533E1,-6.800220227E1
7.698425683E1,-3.877310001E1
7.708774533E1,-4.079361620E1
7.719169308E1,NaN
7.729749604E1,-4.339135593E1
7.740242554E1,-5.059115306E1
7.750905742E1,-3.984385035E1
7.761575133E1,-3.861428349E1
7.771935562E1,-3.767555453E1
7.782285354E1,-3.853933136E1
7.792712500E1,-3.762303266E1
7.803308825E1,-4.176150523E1
7.813831417E1,-6.005428263E1
7.824009983E1,-5.076549603E1
7.834677108E1,-4.425743558E1
7.845318621E1,-4.238316781E1
7.855943433E1,-3.775041757E1
7.866614708E1,-4.403533148E1
7.877019408E1,-4.424900964E1
7.887210162E1,-3.485963669E1
7.897885250E1,-3.275870358E1
7.908561037E1,-5.383524338E1
7.918851646E1,-4.431534673E1
7.929522354E1,-3.961297830E1
7.940191458E1,-3.589251206E1
7.950388492E1,-4.671891151E1
7.960594329E1,-6.298593563E1
7.971263771E1,-6.162124208E1
7.981796454E1,-6.741462791E1
7.992281012E1,-6.719210186E1
8.002707321E1,-6.682009420E1
8.013370992E1,-6.962760640E1
8.023988412E1,-6.339289162E1
8.034661567E1,-6.530460560E1
8.044975896E1,-6.771640172E1
8.055520250E1,-7.010656123E1
8.066195829E1,-6.942837584E1
8.076859512E1,-6.537856968E1
8.087332717E1,-6.772690081E1
8.098009754E1,-7.014652452E1
8.108662487E1,-6.789428927E1
8.119030017E1,-7.196580435E1
8.129698312E1,-7.289943420E1
8.140236842E1,-6.737113313E1
8.150710275E1,-6.144708137E1
8.161384329E1,-4.194120268E1
8.171795567E1,-4.484274169E1
8.182283375E1,-4.538912509E1
8.192711162E1,-5.051748573E1
8.203388367E1,-7.077920385E1
8.214012692E1,-6.144754700E1
8.224688092E1,-5.668447138E1
8.235028775E1,-5.837472218E1
8.245580387E1,-6.489657643E1
8.255771942E1,-6.042057058E1
8.266455079E1,-3.922315053E1
8.277122329E1,-3.730192100E1
8.287452175E1,-3.476305242E1
8.298121146E1,-2.898738335E1
8.308787929E1,-3.811207380E1
8.319127725E1,-3.958453082E1
8.329798404E1,-3.747137436E1
8.340235383E1,-4.987258106E1
8.350808179E1,-3.804015034E1
8.361297262E1,-4.321916587E1
8.371791717E1,-4.228741172E1
8.382293133E1,-4.171873609E1
8.392707692E1,-4.175233507E1
8.403379617E1,-4.239869820E1
8.413974875E1,-4.432607048E1
8.424641746E1,-4.152485751E1
8.435023358E1,-3.806575419E1
8.445655162E1,-4.162360199E1
8.455861750E1,-4.829529282E1
8.466534217E1,-4.685311575E1
8.477198967E1,-3.480040543E1
8.487552354E1,-4.213901244E1
8.498225750E1,-4.040338246E1
8.508856625E1,-4.741573579E1
8.519225583E1,-5.335408375E1
8.529889058E1,-4.521062798E1
8.540236192E1,-4.144020220E1
8.550705283E1,-3.020919008E1
8.560917587E1,-3.770058744E1
8.571595817E1,-3.657544496E1
8.581792817E1,-3.058975300E1
8.592394825E1,-3.431200368E1
8.602707454E1,-5.074028849E1
8.613373292E1,-4.372082371E1
8.624013271E1,-4.564727108E1
8.634287846E1,-4.547960038E1
8.644945267E1,-4.491398786E1
8.655517900E1,-4.625031643E1
8.665970867E1,-4.693869187E1
8.676645696E1,-4.767288576E1
8.687321233E1,-5.164585552E1
8.697648821E1,-5.068419981E1
8.707922008E1,-3.466711206E1
8.718595071E1,-5.278266648E1
8.729127162E1,-4.461415139E1
8.739349533E1,-4.450190665E1
8.749553371E1,-4.103005879E1
8.760226304E1,-4.384588807E1
8.770826458E1,-6.050736780E1
8.781016625E1,-6.952850795E1
8.791384742E1,-6.701644241E1
8.801794775E1,-6.509414347E1
8.812287646E1,-5.755605096E1
8.822707346E1,-3.743348280E1
8.833040287E1,-3.886487029E1
8.843712587E1,-3.151249483E1
8.854182637E1,-4.044459557E1
8.864394679E1,-5.108923355E1
8.875023983E1,-5.250065582E1
8.885520729E1,-6.924752654E1
8.896077329E1,-6.749080939E1
8.906758046E1,-4.581411861E1
8.917426258E1,-4.237275032E1
8.927763667E1,-4.367307686E1
8.938446067E1,-4.824287789E1
8.948842942E1,-4.342337496E1
8.959234325E1,-4.316874726E1
8.969457629E1,-5.877463209E1
8.980037262E1,-4.534603904E1
8.990239550E1,-4.043449560E1
9.000905233E1,-4.212414000E1
9.011158342E1,-3.056247954E1
9.021795467E1,-3.198707663E1
9.032284900E1,-4.741843089E1
9.042706412E1,-6.041734297E1
9.053378621E1,-6.841399720E1
9.064010883E1,-5.972928046E1
9.074329475E1,-3.647013095E1
9.084539796E1,-4.399723896E1
9.095019946E1,-4.313427652E1
9.105519133E1,-4.094490212E1
9.116013667E1,-3.460282031E1
9.126229675E1,-3.343002125E1
9.136905825E1,-5.252880115E1
9.147178450E1,-3.906001150E1
9.157704458E1,-4.669230357E1
9.167917375E1,-4.521527881E1
9.178357004E1,NaN
9.188862387E1,-3.756073462E1
9.199387862E1,-3.447836827E1
9.209601483E1,-3.490849895E1
9.220235029E1,-5.174797274E1
9.230899654E1,-3.713209233E1
9.241292737E1,-4.191715445E1
9.251802442E1,-4.188517536E1
9.262288817E1,-4.492051607E1
9.272778762E1,-5.279370195E1
9.283456250E1,-3.440493838E1
9.294009112E1,-3.435983347E1
9.304672879E1,-4.210578666E1
9.315023579E1,-4.130938277E1
9.325520458E1,-4.262868915E1
9.336170162E1,-5.050831906E1
9.346368425E1,-4.713925024E1
9.357043887E1,-4.404756929E1
9.367717817E1,-4.169251956E1
9.378060071E1,-4.233399898E1
9.388734100E1,-5.386846572E1
9.399396742E1,-4.226061186E1
9.409734683E1,-4.523245822E1
9.420235562E1,-3.866784565E1
9.430899075E1,-4.393131428E1
9.441412067E1,-4.552962954E1
9.451795233E1,-4.763666324E1